0,406.82,414.73,373.13,375.75,392.61
0.999,393.78,390.73,363.57,365.36,378.36
2.986,370.96,378.73,360.38,358.44,367.13
5.856,362.81,378.73,360.38,353.25,363.79
6.855,369.33,390.73,363.57,358.44,370.52
7.855,392.15,402.73,376.31,368.83,385
8.855,414.97,414.73,385.87,384.4,399.99
10.718,413.34,390.73,373.13,382.67,389.97
12.284,372.59,390.73,354.01,351.52,367.21
13.283,351.5,390.73,350.83,341.13,358.55
15.425,357.92,378.73,360.38,348.06,361.27
17.025,382.37,390.73,369.94,370.56,378.4
18.485,416.6,426.73,376.31,382.67,400.58
20.491,397.04,390.73,366.75,368.83,380.84
21.49,370.96,378.73,357.2,354.98,365.47
22.489,356.39,378.73,350.83,341.13,356.77
23.488,362.81,366.73,354.01,348.06,357.9
26.536,398.67,390.73,373.13,377.48,385
28.033,397.04,414.73,376.31,379.21,391.82
29.032,397.04,390.73,363.57,365.36,379.18
30.031,385.63,402.73,357.2,354.98,375.13
31.03,372.59,366.73,360.38,354.98,363.67
32.985,367.7,378.73,354.01,351.52,362.99
34.537,372.59,378.73,357.2,358.44,366.74
35.984,390.52,390.73,376.31,372.29,382.46
36.984,395.41,414.73,376.31,372.29,389.69
37.983,395.41,390.73,379.5,372.29,384.48
39.402,393.78,402.73,360.38,361.9,379.7
41.017,369.33,390.73,357.2,353.25,367.63
42.017,366.07,378.73,357.2,354.98,364.24
43.017,372.59,390.73,357.2,351.52,368.01
44.016,385.63,390.73,363.57,356.71,374.16
45.415,388.89,390.73,369.94,374.02,380.89
48.177,384,390.73,360.38,354.98,372.52
49.177,372.59,402.73,357.2,353.25,371.44
50.177,370.96,390.73,360.38,354.98,369.26
51.176,387.26,402.73,366.75,363.63,380.09
52.943,388.89,390.73,360.38,363.63,375.91
54.481,377.48,390.73,360.38,358.44,371.76
55.48,369.33,390.73,363.57,356.71,370.08
57.015,379.11,390.73,369.94,363.63,375.85
58.014,400.3,402.73,376.31,368.83,387.04
59.433,405.19,402.73,366.75,370.56,386.31
61.007,366.07,378.73,350.83,354.98,362.65
62.006,362.81,366.73,357.2,348.06,358.7
63.005,361.18,378.73,354.01,346.33,360.06
64.004,369.33,402.73,366.75,354.98,373.45
65.437,390.52,402.73,366.75,368.83,382.21
68.194,387.26,390.73,363.57,361.9,375.87
69.193,377.48,390.73,360.38,354.98,370.89
70.192,370.96,378.73,360.38,354.98,366.26
71.192,370.96,390.73,363.57,356.71,370.49
73.034,397.04,402.73,373.13,370.56,385.86
74.555,406.82,402.73,373.13,377.48,390.04
75.554,395.41,390.73,369.94,367.1,380.79
78.176,361.18,378.73,357.2,349.79,361.72
79.175,357.92,366.73,354.01,351.52,357.54
80.706,370.96,378.73,350.83,354.98,363.87
82.307,385.63,390.73,376.31,368.83,380.37
83.306,403.56,426.73,376.31,374.02,395.16
84.306,403.56,402.73,376.31,375.75,389.59
85.305,398.67,390.73,366.75,368.83,381.25
88.429,370.96,402.73,357.2,353.25,371.03
90.571,380.74,390.73,366.75,358.44,374.17
91.571,384,390.73,366.75,356.71,374.55
92.57,377.48,390.73,363.57,361.9,373.42
93.569,382.37,378.73,369.94,365.36,374.1
95.408,392.15,390.73,369.94,367.1,379.98
98.306,364.44,366.73,357.2,353.25,360.4
99.306,361.18,354.73,354.01,349.79,354.93
100.31,361.18,390.73,357.2,353.25,365.59
101.31,372.59,402.73,366.75,360.17,375.56
102.95,401.93,402.73,379.5,377.48,390.41
104.52,414.97,402.73,379.5,382.67,394.97
105.52,413.34,402.73,366.75,375.75,389.64
107.06,369.33,390.73,350.83,351.52,365.6
108.06,344.98,390.73,350.83,339.4,356.49
109.7,338.46,354.73,357.2,339.4,347.45
111.29,405.19,414.73,385.87,382.67,397.12
112.29,421.49,414.73,385.87,391.33,403.35
113.29,401.93,390.73,369.94,379.21,385.45
114.29,392.15,402.73,363.57,367.1,381.39
116.02,362.81,390.73,347.64,341.13,360.58
119.33,393.78,402.73,369.94,374.02,385.12
120.33,403.56,402.73,373.13,377.48,389.22
121.33,401.93,402.73,369.94,375.75,387.59
122.33,382.37,378.73,363.57,356.71,370.34
123.94,359.55,366.73,360.38,346.33,358.25
125.51,366.07,390.73,357.2,354.98,367.24
126.51,388.89,390.73,363.57,365.36,377.14
127.93,400.3,390.73,366.75,367.1,381.22
128.93,393.78,390.73,363.57,365.36,378.36
130.54,377.48,402.73,363.57,356.71,375.12
132.04,364.44,390.73,363.57,360.17,369.73
133.04,377.48,390.73,369.94,361.9,375.01
134.04,388.89,402.73,373.13,363.63,382.09
135.04,401.93,414.73,373.13,367.1,389.22
136.43,398.67,402.73,360.38,365.36,381.79
140.5,369.33,390.73,360.38,351.52,367.99
141.5,382.37,402.73,366.75,358.44,377.57
142.5,388.89,390.73,369.94,368.83,379.6
143.5,390.52,402.73,363.57,363.63,380.11
145.54,372.59,378.73,360.38,354.98,366.67
147.06,364.44,390.73,363.57,351.52,367.56
148.47,403.56,402.73,373.13,368.83,387.06
149.46,413.34,414.73,366.75,370.56,391.35
150.46,413.34,414.73,373.13,375.75,394.24
151.92,382.37,378.73,360.38,363.63,371.28
153.49,348.24,366.73,347.64,335.94,349.64
154.49,346.61,366.73,350.83,332.48,349.16
155.49,354.76,378.73,360.38,339.4,358.32
156.49,372.59,378.73,369.94,361.9,370.79
157.99,413.34,414.73,382.68,387.86,399.66
160.76,398.67,402.73,363.57,363.63,382.15
161.76,367.7,378.73,354.01,348.06,362.12
162.76,349.87,378.73,350.83,341.13,355.14
163.75,362.81,390.73,357.2,348.06,364.7
165.42,385.63,390.73,366.75,365.36,377.12
167.03,390.52,402.73,369.94,368.83,383
168.03,390.52,390.73,369.94,368.83,380
169.64,390.52,402.73,360.38,365.36,379.75
170.64,385.63,390.73,363.57,361.9,375.46
172.21,374.22,366.73,363.57,361.9,366.6
173.87,382.37,402.73,360.38,356.71,375.55
174.87,379.11,402.73,360.38,354.98,374.3
175.87,380.74,402.73,366.75,361.9,378.03
176.87,379.11,402.73,366.75,363.63,378.06
178.45,384,402.73,363.57,360.17,377.62
181.72,387.26,390.73,363.57,363.63,376.3
182.71,388.89,390.73,363.57,365.36,377.14
183.71,387.26,390.73,366.75,361.9,376.66
184.72,382.37,390.73,363.57,363.63,375.08
186.31,384,378.73,360.38,358.44,370.39
188.03,372.59,366.73,357.2,353.25,362.44
189.47,359.55,378.73,360.38,356.71,363.84
190.47,369.33,390.73,363.57,361.9,371.38
191.47,382.37,366.73,363.57,361.9,368.64
193.1,397.04,402.73,369.94,365.36,383.77
194.81,390.52,390.73,366.75,367.1,378.77
195.8,382.37,390.73,360.38,358.44,372.98
196.8,385.63,378.73,360.38,356.71,370.36
198.49,387.26,390.73,360.38,356.71,373.77
201.61,370.96,378.73,360.38,358.44,367.13
203.29,362.81,366.73,363.57,354.98,362.02
204.29,369.33,390.73,363.57,358.44,370.52
205.29,388.89,390.73,373.13,365.36,379.53
206.29,406.82,426.73,373.13,372.29,394.74
208.03,410.08,402.73,373.13,374.02,389.99
210.81,351.5,378.73,347.64,342.86,355.18
211.81,357.92,390.73,357.2,344.6,362.61
212.81,375.85,402.73,369.94,361.9,377.61
213.81,401.93,414.73,376.31,379.21,393.05
215.42,401.93,390.73,369.94,375.75,384.59
217.03,375.85,390.73,354.01,349.79,367.59
218.03,361.18,378.73,354.01,342.86,359.2
219.49,366.07,402.73,357.2,351.52,369.38
220.49,382.37,390.73,366.75,363.63,375.87
222.23,398.67,390.73,373.13,374.02,384.14
223.79,388.89,390.73,366.75,363.63,377.5
224.79,380.74,390.73,360.38,360.17,373.01
225.79,367.7,402.73,357.2,348.06,368.92
226.8,366.07,378.73,357.2,344.6,361.65
228.51,370.96,366.73,360.38,356.71,363.7
231.69,400.3,402.73,373.13,370.56,386.68
232.69,395.41,390.73,366.75,368.83,380.43
233.69,380.74,402.73,363.57,361.9,377.24
234.69,382.37,390.73,363.57,365.36,375.51
236.43,379.11,402.73,360.38,358.44,375.17
238.01,369.33,390.73,354.01,348.06,365.53
239.01,359.55,390.73,357.2,348.06,363.88
240.49,374.22,402.73,369.94,365.36,378.06
241.49,397.04,414.73,373.13,375.75,390.16
243.04,410.08,402.73,373.13,374.02,389.99
244.55,387.26,402.73,360.38,361.9,378.07
245.55,370.96,378.73,354.01,351.52,363.8
246.55,359.55,366.73,350.83,346.33,355.86
247.55,356.39,366.73,357.2,346.33,356.66
248.97,382.37,402.73,366.75,360.17,378.01
251.69,400.3,402.73,363.57,367.1,383.42
252.69,387.26,402.73,363.57,365.36,379.73
253.69,370.96,402.73,363.57,356.71,373.49
254.69,370.96,390.73,363.57,358.44,370.92
256.33,382.37,378.73,360.38,358.44,369.98
259.34,377.48,390.73,360.38,361.9,372.62
261.14,380.74,390.73,369.94,365.36,376.69
262.14,384,402.73,366.75,367.1,380.14
263.14,388.89,390.73,366.75,361.9,377.07
264.81,379.11,390.73,354.01,356.71,370.14
266.51,374.22,402.73,357.2,354.98,372.28
267.51,375.85,378.73,366.75,358.44,369.94
268.51,380.74,390.73,366.75,358.44,374.17
269.51,384,390.73,363.57,356.71,373.75
272.24,379.11,390.73,366.75,360.17,374.19
273.82,390.52,402.73,366.75,361.9,380.48
274.82,392.15,378.73,366.75,365.36,375.75
275.82,392.15,390.73,363.57,365.36,377.95
276.81,390.52,390.73,360.38,360.17,375.45
278.47,362.81,390.73,357.2,348.06,364.7
280.52,361.18,390.73,360.38,351.52,365.95
281.99,375.85,402.73,369.94,365.36,378.47
283.02,390.52,390.73,369.94,370.56,380.44
284.02,405.19,390.73,369.94,365.36,382.81
285.47,390.52,402.73,360.38,361.9,378.88
287.15,372.59,402.73,360.38,358.44,373.54
288.15,372.59,378.73,360.38,356.71,367.1
289.15,380.74,402.73,360.38,356.71,375.14
290.15,388.89,390.73,363.57,356.71,374.97
292.9,367.7,378.73,360.38,361.9,367.18
294.52,379.11,390.73,363.57,358.44,372.96
295.52,395.41,390.73,366.75,360.17,378.27
296.52,392.15,414.73,366.75,363.63,384.32
297.52,392.15,390.73,360.38,363.63,376.72
298.95,369.33,390.73,357.2,356.71,368.49
300.52,362.81,378.73,363.57,353.25,364.59
301.95,374.22,390.73,360.38,356.71,370.51
302.95,392.15,402.73,369.94,367.1,382.98
303.95,398.67,402.73,363.57,370.56,383.88
305.52,388.89,390.73,366.75,367.1,378.37
307.03,374.22,390.73,360.38,358.44,370.94
308.03,372.59,390.73,357.2,351.52,368.01
309.03,375.85,402.73,360.38,348.06,371.75
310.03,379.11,378.73,363.57,356.71,369.53
312.65,379.11,366.73,360.38,363.63,367.46
314.3,377.48,402.73,363.57,356.71,375.12
315.3,375.85,378.73,363.57,354.98,368.28
316.3,377.48,390.73,363.57,360.17,372.99
318.01,393.78,390.73,366.75,365.36,379.16
319.45,401.93,390.73,369.94,363.63,381.56
321.04,367.7,354.73,357.2,356.71,359.08
322.97,357.92,378.73,357.2,346.33,360.04
323.97,361.18,390.73,354.01,344.6,362.63
324.97,366.07,390.73,360.38,351.52,367.17
326.48,380.74,402.73,366.75,367.1,379.33
328.03,413.34,402.73,376.31,382.67,393.76
329.03,423.12,414.73,379.5,377.48,398.71
330.03,400.3,402.73,360.38,363.63,381.76
331.03,351.5,366.73,350.83,348.06,354.28
334.25,359.55,378.73,360.38,342.86,360.38
335.8,405.19,426.73,376.31,382.67,397.73
336.8,408.45,402.73,379.5,386.13,394.2
337.8,405.19,390.73,376.31,379.21,387.86
338.8,393.78,390.73,363.57,365.36,378.36
340.51,366.07,390.73,350.83,344.6,363.05
342.08,346.61,366.73,354.01,348.06,353.85
343.77,387.26,402.73,363.57,360.17,378.43
344.77,393.78,402.73,366.75,367.1,382.59
345.77,390.52,402.73,366.75,370.56,382.64
348.05,384,390.73,366.75,363.63,376.28
349.53,387.26,402.73,360.38,354.98,376.34
350.53,380.74,390.73,360.38,356.71,372.14
351.53,377.48,390.73,357.2,358.44,370.96
352.53,374.22,390.73,360.38,356.71,370.51
355.39,377.48,390.73,366.75,358.44,373.35
357.06,380.74,378.73,369.94,365.36,373.69
358.06,385.63,402.73,366.75,363.63,379.69
359.06,387.26,390.73,366.75,361.9,376.66
360.06,374.22,390.73,360.38,356.71,370.51
361.47,375.85,390.73,360.38,353.25,370.05
363.06,395.41,378.73,369.94,367.1,377.79
364.71,397.04,402.73,369.94,368.83,384.63
365.71,379.11,390.73,363.57,365.36,374.69
366.71,357.92,378.73,354.01,349.79,360.11
368.3,377.48,378.73,366.75,354.98,369.49
370.52,398.67,390.73,373.13,379.21,385.43
371.51,403.56,390.73,373.13,380.94,387.09
372.51,398.67,390.73,366.75,367.1,380.81
373.51,372.59,390.73,360.38,349.79,368.37
376.58,361.18,378.73,357.2,349.79,361.72
379.5,398.67,414.73,366.75,370.56,387.68
380.5,397.04,390.73,369.94,374.02,382.93
381.5,397.04,390.73,369.94,370.56,382.07
382.5,390.52,402.73,363.57,358.44,378.82
383.95,375.85,414.73,357.2,351.52,374.82
386.78,372.59,366.73,360.38,354.98,363.67
387.78,387.26,390.73,360.38,358.44,374.2
388.78,387.26,402.73,363.57,358.44,378
389.78,384,378.73,369.94,365.36,374.51
391.52,379.11,390.73,366.75,361.9,374.62
393.06,387.26,390.73,363.57,358.44,375
394.06,388.89,402.73,360.38,361.9,378.48
395.52,379.11,402.73,363.57,360.17,376.39
396.51,375.85,390.73,363.57,356.71,371.71
397.99,377.48,402.73,360.38,353.25,373.46
399.53,384,402.73,369.94,363.63,380.08
400.53,388.89,414.73,366.75,367.1,384.37
401.53,392.15,378.73,366.75,363.63,375.32
402.53,384,366.73,357.2,358.44,366.59
403.99,359.55,390.73,350.83,353.25,363.59
406.77,379.11,402.73,366.75,356.71,376.33
407.77,393.78,402.73,369.94,360.17,381.66
408.77,408.45,390.73,369.94,377.48,386.65
409.76,403.56,390.73,369.94,377.48,385.43
411.53,385.63,390.73,360.38,358.44,373.8
413.01,362.81,366.73,350.83,342.86,355.81
414.01,353.13,390.73,354.01,341.13,359.75
415.48,362.81,390.73,360.38,349.79,365.93
416.48,382.37,378.73,369.94,363.63,373.67
418.01,398.67,402.73,373.13,375.75,387.57
419.53,397.04,402.73,369.94,372.29,385.5
420.53,390.52,390.73,363.57,358.44,375.82
421.53,382.37,390.73,357.2,351.52,370.45
422.53,370.96,378.73,357.2,349.79,364.17
423.97,375.85,402.73,357.2,356.71,373.12
427.11,388.89,390.73,366.75,360.17,376.64
428.11,385.63,390.73,366.75,361.9,376.25
429.11,375.85,390.73,363.57,358.44,372.15
430.11,367.7,366.73,357.2,358.44,362.52
431.73,370.96,378.73,363.57,353.25,366.63
433.33,392.15,390.73,363.57,361.9,377.09
434.33,397.04,402.73,369.94,365.36,383.77
435.92,401.93,402.73,369.94,372.29,386.72
436.92,397.04,414.73,369.94,367.1,387.2
439.66,354.76,366.73,347.64,341.13,352.57
441.33,354.76,378.73,354.01,348.06,358.89
442.33,382.37,390.73,366.75,365.36,376.3
443.33,413.34,402.73,379.5,382.67,394.56
444.33,414.97,402.73,382.68,382.67,395.76
447.11,384,378.73,360.38,358.44,370.39
448.8,361.18,378.73,350.83,342.86,358.4
449.8,356.39,390.73,354.01,346.33,361.87
450.81,374.22,378.73,363.57,358.44,368.74
451.81,382.37,402.73,363.57,367.1,378.94
453.46,398.67,402.73,373.13,367.1,385.41
455.53,392.15,414.73,369.94,368.83,386.41
457.08,390.52,378.73,363.57,367.1,374.98
458.08,387.26,390.73,360.38,356.71,373.77
459.08,385.63,390.73,357.2,353.25,371.7
460.83,361.18,378.73,350.83,354.98,361.43
463.03,366.07,390.73,360.38,353.25,367.61
464.03,377.48,390.73,366.75,360.17,373.78
465.03,390.52,402.73,373.13,372.29,384.67
466.03,401.93,414.73,369.94,375.75,390.59
469.09,382.37,378.73,360.38,354.98,369.12
470.8,369.33,390.73,354.01,351.52,366.4
471.8,372.59,402.73,357.2,351.52,371.01
472.8,374.22,390.73,363.57,354.98,370.87
473.8,377.48,390.73,363.57,361.9,373.42
475.46,384,390.73,369.94,365.36,377.51
477.04,387.26,402.73,366.75,363.63,380.09
478.66,379.11,390.73,360.38,356.71,371.73
479.66,375.85,390.73,363.57,356.71,371.71
480.65,377.48,390.73,360.38,360.17,372.19
482.33,392.15,414.73,366.75,360.17,383.45
484.02,379.11,402.73,363.57,361.9,376.83
485.02,380.74,390.73,366.75,360.17,374.6
486.02,379.11,402.73,360.38,351.52,373.43
487.02,379.11,390.73,360.38,353.25,370.87
489.61,379.11,378.73,363.57,363.63,371.26
491.31,397.04,390.73,366.75,365.36,379.97
492.31,392.15,390.73,363.57,361.9,377.09
493.31,367.7,378.73,360.38,354.98,365.45
494.31,366.07,366.73,357.2,354.98,361.24
495.93,374.22,378.73,360.38,353.25,366.65
498.05,387.26,402.73,363.57,365.36,379.73
500.66,405.19,390.73,369.94,368.83,383.67
501.66,395.41,402.73,363.57,365.36,381.77
502.66,377.48,378.73,360.38,356.71,368.33
504.33,346.61,378.73,350.83,341.13,354.33
506.01,380.74,390.73,363.57,353.25,372.07
507.01,390.52,390.73,369.94,363.63,378.71
508.01,401.93,402.73,369.94,375.75,387.59
509.43,401.93,402.73,373.13,375.75,388.38
511.04,372.59,402.73,354.01,348.06,369.35
513.11,354.76,390.73,357.2,346.33,362.25
514.11,366.07,390.73,357.2,353.25,366.81
515.11,384,402.73,366.75,358.44,377.98
516.11,400.3,402.73,369.94,370.56,385.88
517.94,392.15,390.73,363.57,368.83,378.82
520.68,364.44,390.73,354.01,349.79,364.74
521.68,358.02,366.73,354.01,341.13,354.97
522.68,353.13,378.73,357.2,346.33,358.85
523.68,384,390.73,366.75,361.9,375.85
525.45,413.34,402.73,376.31,372.29,391.17
527.02,405.19,414.73,373.13,377.48,392.63
528.02,392.15,402.73,366.75,368.83,382.62
529.62,367.7,378.73,354.01,344.6,361.26
530.62,353.13,378.73,344.45,332.48,352.2
532.26,343.35,390.73,354.01,339.4,356.87
533.85,398.67,402.73,376.31,372.29,387.5
534.85,423.12,414.73,382.68,382.67,400.8
535.85,416.6,402.73,376.31,380.94,394.15
536.85,403.56,402.73,369.94,374.02,387.56
538.52,348.24,366.73,338.08,327.29,345.09
541.76,351.5,390.73,357.2,342.86,360.57
542.76,388.89,390.73,379.5,375.75,383.72
543.76,437.79,426.73,389.06,394.79,412.09
544.76,441.06,402.73,385.87,393.06,405.68
546.27,385.63,402.73,360.38,361.9,377.66
548.04,348.24,378.73,350.83,329.02,351.7
549.66,336.83,354.73,344.45,325.56,340.39
550.66,344.98,378.73,357.2,341.13,355.51
551.66,372.59,402.73,373.13,368.83,379.32
553.24,424.75,426.73,382.68,386.13,405.08
554.84,408.45,414.73,369.94,375.75,392.22
555.84,370.96,378.73,354.01,351.52,363.8
556.84,361.18,366.73,350.83,341.13,354.97
557.84,346.61,378.73,341.27,329.02,348.91
561.88,408.45,402.73,382.68,380.94,393.7
563.51,390.52,402.73,360.38,358.44,378.02
564.52,380.74,390.73,350.83,351.52,368.45
565.52,362.81,390.73,354.01,346.33,363.47
566.52,359.55,366.73,347.64,344.6,354.63
568,374.22,390.73,357.2,351.52,368.42
570.81,393.78,378.73,373.13,367.1,378.18
571.81,392.15,414.73,366.75,367.1,385.18
572.81,382.37,378.73,360.38,356.71,369.55
573.81,374.22,390.73,357.2,353.25,368.85
575.55,366.07,378.73,360.38,353.25,364.61
577.07,387.26,390.73,363.57,358.44,375
578.07,390.52,390.73,366.75,368.83,379.21
579.54,388.89,402.73,369.94,361.9,380.87
580.54,379.11,402.73,360.38,353.25,373.87
581.98,370.96,402.73,360.38,353.25,371.83
583.54,385.63,414.73,369.94,361.9,383.05
584.54,393.78,402.73,363.57,361.9,380.5
585.54,397.04,390.73,363.57,361.9,378.31
586.54,387.26,378.73,360.38,358.44,371.2
587.94,362.81,390.73,357.2,354.98,366.43
590.74,384,390.73,366.75,354.98,374.12
591.74,395.41,390.73,369.94,361.9,379.5
592.73,392.15,366.73,363.57,367.1,372.39
593.73,385.63,390.73,363.57,365.36,376.32
595.58,379.11,378.73,360.38,356.71,368.73
597.16,374.22,366.73,357.2,351.52,362.42
598.16,375.85,378.73,360.38,354.98,367.49
599.86,379.11,390.73,360.38,356.71,371.73
600.86,384,378.73,366.75,361.9,372.85
603.08,390.52,378.73,366.75,368.83,376.21
604.81,385.63,402.73,363.57,356.71,377.16
605.81,374.22,390.73,357.2,354.98,369.28
606.81,366.07,366.73,357.2,353.25,360.81
607.8,366.07,390.73,354.01,353.25,366.01
610.6,388.89,414.73,363.57,356.71,380.97
612.32,393.78,390.73,360.38,367.1,378
613.31,380.74,378.73,357.2,360.17,369.21
614.32,377.48,390.73,360.38,354.98,370.89
615.31,374.22,390.73,363.57,353.25,370.44
616.94,369.33,414.73,363.57,353.25,375.22
618.52,387.26,390.73,360.38,356.71,373.77
621.88,369.33,390.73,360.38,358.44,369.72
622.88,375.85,390.73,363.57,354.98,371.28
623.88,382.37,390.73,360.38,354.98,372.12
625.51,385.63,366.73,366.75,365.36,371.12
627.03,384,390.73,363.57,363.63,375.48
628.03,385.63,366.73,363.57,358.44,368.59
629.47,379.11,402.73,363.57,349.79,373.8
630.47,369.33,378.73,360.38,353.25,365.42
631.94,369.33,390.73,360.38,356.71,369.29
633.53,390.52,390.73,363.57,360.17,376.25
634.53,392.15,402.73,369.94,360.17,381.25
635.53,388.89,402.73,360.38,360.17,378.04
636.53,372.59,390.73,363.57,360.17,371.76
638.03,366.07,378.73,350.83,348.06,360.92
640.73,385.63,390.73,369.94,367.1,378.35
641.73,400.3,390.73,369.94,375.75,384.18
642.73,405.19,390.73,366.75,370.56,383.31
643.73,385.63,390.73,357.2,356.71,372.57
645.55,343.35,378.73,350.83,342.86,353.94
647.09,349.87,378.73,360.38,348.06,359.26
648.08,385.63,390.73,363.57,356.71,374.16
650.22,414.97,402.73,379.5,382.67,394.97
651.22,388.89,390.73,363.57,365.36,377.14
653.11,359.55,390.73,347.64,342.86,360.2
654.83,361.18,390.73,360.38,348.06,365.09
655.83,384,402.73,366.75,367.1,380.14
656.83,387.26,378.73,366.75,368.83,375.39
657.83,395.41,390.73,366.75,372.29,381.3
660.68,385.63,402.73,360.38,361.9,377.66
662.29,367.7,402.73,350.83,344.6,366.46
663.29,374.22,378.73,357.2,356.71,366.71
664.29,379.11,402.73,363.57,360.17,376.39
665.29,384,390.73,363.57,368.83,376.78
667.01,379.11,402.73,363.57,361.9,376.83
668.56,362.81,402.73,363.57,353.25,370.59
670.44,380.74,390.73,369.94,363.63,376.26
671.44,393.78,390.73,373.13,365.36,380.75
672.43,398.67,402.73,366.75,367.1,383.81
674.02,387.26,402.73,360.38,360.17,377.64
675.54,369.33,390.73,350.83,349.79,365.17
676.54,361.18,378.73,350.83,349.79,360.13
677.54,362.81,378.73,366.75,353.25,365.39
678.54,377.48,390.73,369.94,368.83,376.74
683.14,380.74,402.73,363.57,361.9,377.24
684.89,366.07,378.73,354.01,351.52,362.58
685.89,367.7,390.73,357.2,349.79,366.35
686.89,370.96,378.73,354.01,349.79,363.37
687.89,379.11,402.73,363.57,360.17,376.39
689.45,395.41,414.73,376.31,368.83,388.82
692.29,390.52,378.73,360.38,361.9,372.88
693.29,357.92,366.73,350.83,346.33,355.45
694.3,358.02,390.73,350.83,344.6,361.04
695.3,354.76,390.73,350.83,342.86,359.8
697.03,369.33,378.73,366.75,360.17,368.75
698.57,405.19,426.73,379.5,379.21,397.66
699.57,406.82,402.73,373.13,379.21,390.47
701.11,387.26,402.73,357.2,351.52,374.68
702.11,379.11,402.73,354.01,351.52,371.84
703.81,364.44,378.73,350.83,349.79,360.94
705.55,375.85,402.73,360.38,353.25,373.05
706.55,382.37,390.73,366.75,354.98,373.71
707.55,380.74,390.73,369.94,356.71,374.53
708.55,384,402.73,366.75,363.63,379.28
710.52,382.37,402.73,366.75,358.44,377.57
713.33,369.33,390.73,357.2,353.25,367.63
714.33,375.85,366.73,360.38,358.44,365.35
715.33,393.78,402.73,369.94,365.36,382.95
716.33,400.3,402.73,366.75,368.83,384.65
717.97,387.26,390.73,363.57,367.1,377.16
719.52,379.11,390.73,357.2,356.71,370.94
720.52,374.22,390.73,357.2,348.06,367.55
721.94,366.07,378.73,354.01,346.33,361.28
722.94,361.18,378.73,357.2,349.79,361.72
724.59,377.48,390.73,360.38,358.44,371.76
726.3,403.56,402.73,369.94,365.36,385.4
727.3,393.78,390.73,373.13,368.83,381.62
728.3,377.48,378.73,360.38,360.17,369.19
729.3,375.85,390.73,354.01,353.25,368.46
730.99,369.33,390.73,350.83,344.6,363.87
734.24,380.74,390.73,363.57,361.9,374.24
735.23,388.89,402.73,366.75,360.17,379.64
736.23,395.41,390.73,369.94,365.36,380.36
737.23,392.15,390.73,366.75,367.1,379.18
738.77,374.22,390.73,354.01,351.52,367.62
741.83,377.48,390.73,360.38,358.44,371.76
743.53,403.56,390.73,376.31,372.29,385.72
744.53,397.04,390.73,363.57,368.83,380.04
745.53,380.74,378.73,357.2,354.98,367.91
746.96,349.87,378.73,354.01,344.6,356.8
748.56,377.48,402.73,366.75,353.25,375.05
749.56,387.26,390.73,366.75,361.9,376.66
750.56,401.93,390.73,369.94,367.1,382.42
751.56,398.67,402.73,363.57,368.83,383.45
754.21,379.11,378.73,357.2,353.25,367.07
755.87,359.55,390.73,354.01,349.79,363.52
756.87,359.55,390.73,357.2,353.25,365.18
757.87,374.22,402.73,363.57,356.71,374.31
758.87,393.78,402.73,366.75,358.44,380.43
760.54,390.52,402.73,363.57,360.17,379.25
762.01,369.33,390.73,366.75,361.9,372.18
763.48,388.89,402.73,357.2,356.71,376.38
764.48,392.15,390.73,360.38,358.44,375.43
765.48,390.52,390.73,357.2,360.17,374.65
767.31,370.96,390.73,360.38,354.98,369.26
769.11,375.85,378.73,357.2,353.25,366.26
770.11,380.74,390.73,354.01,354.98,370.11
771.11,380.74,378.73,360.38,363.63,370.87
772.11,380.74,390.73,363.57,363.63,374.67
775.01,374.22,390.73,354.01,351.52,367.62
776.56,370.96,390.73,360.38,360.17,370.56
777.56,385.63,378.73,369.94,363.63,374.48
778.56,401.93,390.73,369.94,367.1,382.42
779.55,400.3,390.73,363.57,367.1,380.42
780.96,367.7,378.73,350.83,351.52,362.19
783.05,356.39,378.73,357.2,344.6,359.23
784.69,369.33,378.73,354.01,351.52,363.4
785.69,382.37,390.73,366.75,361.9,375.44
786.69,395.41,414.73,369.94,370.56,387.66
788.29,382.37,378.73,357.2,358.44,369.18
790.52,353.13,390.73,350.83,344.6,359.82
791.51,349.87,378.73,347.64,339.4,353.91
792.51,362.81,378.73,357.2,349.79,362.13
793.51,401.93,402.73,369.94,372.29,386.72
796.72,401.93,402.73,363.57,368.83,384.26
798.35,341.72,378.73,341.27,330.75,348.12
800.52,348.24,378.73,357.2,344.6,357.19
801.52,370.96,378.73,363.57,356.71,367.49
802.52,388.89,390.73,366.75,365.36,377.93
804.01,398.67,402.73,373.13,375.75,387.57
806.79,377.48,378.73,357.2,351.52,366.23
807.78,369.33,378.73,350.83,342.86,360.44
808.78,362.81,378.73,344.45,346.33,358.08
809.78,366.07,366.73,347.64,348.06,357.12
811.44,379.11,402.73,363.57,360.17,376.39
813.03,385.63,402.73,369.94,367.1,381.35
814.04,392.15,402.73,366.75,368.83,382.62
815.51,395.41,390.73,366.75,363.63,379.13
816.51,382.37,390.73,357.2,354.98,371.32
817.96,359.65,366.73,350.83,346.33,355.88
819.52,356.39,390.73,354.01,348.06,362.3
820.52,367.7,390.73,360.38,351.52,367.58
821.52,379.11,390.73,366.75,358.44,373.76
822.52,388.89,390.73,366.75,367.1,378.37
823.96,398.67,402.73,369.94,372.29,385.91
826.85,372.59,378.73,354.01,351.52,364.21
827.85,357.92,378.73,350.83,346.33,358.45
828.85,356.39,378.73,354.01,346.33,358.87
829.84,366.07,378.73,357.2,351.52,363.38
831.52,380.74,378.73,369.94,360.17,372.4
833.04,380.74,390.73,366.75,365.36,375.9
834.04,385.63,402.73,366.75,363.63,379.69
835.52,385.63,390.73,357.2,358.44,373
836.52,374.22,402.73,357.2,354.98,372.28
837.95,359.55,402.73,347.64,353.25,365.79
839.51,375.85,378.73,366.75,358.44,369.94
840.51,401.93,402.73,366.75,368.83,385.06
841.51,410.08,402.73,369.94,374.02,389.19
842.51,393.78,378.73,363.57,368.83,376.23
843.95,361.18,378.73,350.83,346.33,359.26
846.83,370.96,390.73,363.57,354.98,370.06
847.83,385.63,390.73,369.94,368.83,378.78
848.83,397.04,402.73,363.57,370.56,383.47
849.83,395.41,390.73,373.13,367.1,381.59
851.54,380.74,390.73,363.57,354.98,372.5
853.15,366.07,390.73,357.2,349.79,365.95
854.15,366.07,402.73,363.57,353.25,371.4
855.85,397.04,390.73,366.75,365.36,379.97
856.85,395.41,390.73,363.57,365.36,378.77
858.62,377.48,390.73,357.2,356.71,370.53
861.79,372.59,378.73,360.38,353.25,366.24
862.8,374.22,378.73,360.38,354.98,367.08
863.8,379.11,402.73,363.57,360.17,376.39
865.53,388.89,390.73,366.75,361.9,377.07
867.19,387.26,402.73,363.57,356.71,377.57
868.84,374.22,402.73,357.2,353.25,371.85
869.84,379.11,378.73,354.01,356.71,367.14
870.84,377.48,378.73,357.2,356.71,367.53
871.84,380.74,378.73,366.75,360.17,371.6
873.55,388.89,402.73,363.57,360.17,378.84
876.68,379.11,378.73,354.01,354.98,366.71
877.67,359.55,378.73,354.01,351.52,360.95
878.67,353.13,390.73,354.01,348.06,361.48
879.67,358.02,378.73,360.38,349.79,361.73
881.24,398.67,390.73,369.94,370.56,382.47
883.03,413.34,414.73,369.94,377.48,393.87
884.03,395.41,390.73,363.57,368.83,379.63
885.61,357.92,366.73,344.45,342.86,352.99
886.61,346.61,366.73,350.83,341.13,351.33
888.3,388.89,390.73,376.31,365.36,380.32
890.51,398.67,402.73,369.94,368.83,385.04
891.5,387.26,390.73,360.38,365.36,375.93
892.5,370.96,390.73,357.2,358.44,369.33
893.5,364.44,378.73,350.83,348.06,360.51
895.5,370.96,378.73,350.83,348.06,362.14
898.25,393.78,390.73,369.94,370.56,381.25
899.25,398.67,402.73,366.75,365.36,383.38
900.25,390.52,402.73,363.57,356.71,378.38
901.25,370.96,390.73,357.2,354.98,368.47
903.06,370.96,390.73,360.38,351.52,368.4
904.55,374.22,378.73,354.01,353.25,365.05
905.55,372.59,390.73,357.2,354.98,368.87
907,384,390.73,366.75,363.63,376.28
908,395.41,402.73,376.31,368.83,385.82
909.45,395.41,402.73,363.57,363.63,381.34
911.04,348.24,378.73,350.83,348.06,356.46
912.04,344.98,366.73,350.83,346.33,352.22
913.04,356.39,366.73,354.01,344.6,355.43
914.04,377.48,390.73,357.2,354.98,370.1
915.54,393.78,402.73,373.13,372.29,385.48
918.27,388.89,390.73,363.57,363.63,376.71
919.83,384,378.73,350.83,356.71,367.57
920.83,364.44,390.73,354.01,353.25,365.61
921.83,362.81,378.73,354.01,351.52,361.77
923.52,362.81,402.73,357.2,351.52,368.56
925.55,377.48,402.73,369.94,363.63,378.45
927.06,393.78,390.73,369.94,368.83,380.82
928.06,408.45,402.73,373.13,370.56,388.72
929.06,397.04,390.73,366.75,363.63,379.54
930.5,366.07,366.73,350.83,351.52,358.79
932.04,351.5,354.73,347.64,346.33,350.05
933.04,357.92,390.73,357.2,344.6,362.61
934.04,375.85,390.73,363.57,358.44,372.15
935.04,390.52,402.73,369.94,372.29,383.87
936.47,390.52,402.73,366.75,372.29,383.07
939.45,366.07,378.73,354.01,351.52,362.58
940.45,357.92,366.73,350.83,348.06,355.88
941.45,366.07,390.73,354.01,348.06,364.72
942.45,374.22,390.73,360.38,356.71,370.51
944.01,397.04,390.73,369.94,368.83,381.63
945.52,390.52,378.73,369.94,367.1,376.57
946.52,379.11,390.73,360.38,361.9,373.03
948.21,377.48,378.73,357.2,349.79,365.8
949.22,374.22,402.73,357.2,351.52,371.42
950.91,380.74,402.73,354.01,358.44,373.98
953.05,379.11,390.73,366.75,361.9,374.62
954.05,377.48,402.73,366.75,360.17,376.78
955.06,367.7,390.73,360.38,354.98,368.45
956.05,372.59,402.73,363.57,354.98,373.47
959.13,398.67,402.73,369.94,374.02,386.34
960.81,369.33,378.73,350.83,346.33,361.3
961.81,359.55,378.73,350.83,341.13,357.56
962.81,349.87,378.73,354.01,339.4,355.5
963.81,351.5,378.73,360.38,349.79,360.1
965.49,387.26,402.73,366.75,365.36,380.53
967.04,400.3,390.73,369.94,368.83,382.45
968.55,388.89,390.73,363.57,367.1,377.57
969.55,387.26,390.73,363.57,361.9,375.87
970.55,382.37,366.73,354.01,354.98,364.52
972,370.96,366.73,354.01,346.33,359.51
973.5,358.02,390.73,360.38,354.98,366.03
974.5,361.18,402.73,363.57,354.98,370.61
975.5,382.37,390.73,360.38,354.98,372.12
976.5,397.04,390.73,363.57,363.63,378.74
977.95,392.15,390.73,363.57,368.83,378.82
982.06,361.18,378.73,350.83,342.86,358.4
983.06,359.55,378.73,357.2,353.25,362.18
984.06,374.22,378.73,363.57,361.9,369.6
985.07,393.78,390.73,373.13,367.1,381.18
986.47,397.04,402.73,369.94,367.1,384.2
988.03,375.85,390.73,360.38,360.17,371.78
989.53,366.07,390.73,354.01,348.06,364.72
990.53,372.59,390.73,354.01,348.06,366.35
991.53,372.59,390.73,357.2,351.52,368.01
992.97,379.11,390.73,366.75,361.9,374.62
994.52,393.78,414.73,366.75,370.56,386.46
995.52,392.15,402.73,366.75,360.17,380.45
996.52,379.11,390.73,360.38,354.98,371.3
997.52,362.81,366.73,354.01,346.33,357.47
998.97,359.65,366.73,354.01,346.33,356.68
1002.1,401.93,414.73,373.13,374.02,390.95
1003.1,397.04,402.73,363.57,370.56,383.47
1004.1,382.37,390.73,360.38,358.44,372.98
1005.1,366.07,354.73,347.64,351.52,354.99
1006.5,353.13,378.73,350.83,344.6,356.82
1008.1,353.13,366.73,357.2,349.79,356.71
1009.1,385.63,390.73,363.57,361.9,375.46
1010.6,414.97,414.73,366.75,377.48,393.48
1011.6,410.08,414.73,373.13,377.48,393.85
1013,374.22,366.73,357.2,356.71,363.71
1014.6,343.35,378.73,354.01,335.94,353.01
1015.6,348.24,366.73,354.01,339.4,352.1
1016.6,366.07,390.73,360.38,353.25,367.61
1017.6,380.74,390.73,366.75,360.17,374.6
1019.2,400.3,402.73,373.13,372.29,387.11
1022.1,388.89,378.73,363.57,361.9,373.27
1023.1,372.59,378.73,354.01,349.79,363.78
1024.1,359.55,378.73,344.45,342.86,356.4
1025.1,353.13,366.73,350.83,346.33,354.25
1026.7,364.44,390.73,360.38,353.25,367.2
1028.3,395.41,390.73,366.75,363.63,379.13
1029.3,388.89,402.73,373.13,367.1,382.96
1031,382.37,390.73,360.38,360.17,373.41
1032,377.48,402.73,363.57,354.98,374.69
1033.5,380.74,378.73,357.2,354.98,367.91
1035.5,379.11,402.73,360.38,361.9,376.03
1036.5,382.37,390.73,366.75,358.44,374.57
1037.5,384,390.73,360.38,354.98,372.52
1039,370.96,378.73,360.38,353.25,365.83
1041.6,377.48,366.73,366.75,358.44,367.35
1043.1,398.67,390.73,360.38,360.17,377.49
1044.1,392.15,390.73,360.38,363.63,376.72
1045.1,375.85,390.73,363.57,363.63,373.45
1046.1,366.07,378.73,357.2,353.25,363.81
1048,375.85,390.73,360.38,356.71,370.92
1049.6,384,402.73,360.38,361.9,377.25
1051.3,388.89,402.73,363.57,361.9,379.27
1052.3,388.89,378.73,360.38,358.44,371.61
1053.3,367.7,378.73,354.01,353.25,363.42
1055.6,366.07,390.73,357.2,349.79,365.95
1057.1,382.37,402.73,366.75,354.98,376.71
1058.1,384,402.73,366.75,361.9,378.85
1059.1,388.89,390.73,366.75,370.56,379.23
1060.5,388.89,378.73,363.57,360.17,372.84
1062.1,382.37,402.73,357.2,356.71,374.75
1063.8,382.37,366.73,360.38,358.44,366.98
1064.8,372.59,378.73,354.01,354.98,365.08
1065.8,366.07,378.73,357.2,351.52,363.38
1066.8,367.7,378.73,357.2,353.25,364.22
1068.5,390.52,402.73,369.94,372.29,383.87
1070.5,397.04,402.73,366.75,363.63,382.54
1072,374.22,390.73,354.01,351.52,367.62
1073,361.18,378.73,357.2,349.79,361.72
1074,361.18,378.73,350.83,351.52,360.56
1075.5,374.22,390.73,357.2,354.98,369.28
1077.1,384,390.73,366.75,361.9,375.85
1078.1,393.78,390.73,366.75,370.56,380.46
1079.1,393.78,390.73,369.94,365.36,379.95
1080.1,390.52,378.73,360.38,358.44,372.02
1082.9,366.07,378.73,360.38,353.25,364.61
1084.6,369.33,378.73,357.2,351.52,364.19
1085.6,370.96,390.73,357.2,348.06,366.74
1086.6,366.07,390.73,366.75,353.25,369.2
1087.6,370.96,390.73,366.75,365.36,373.45
1089.3,398.67,402.73,373.13,372.29,386.7
1090.8,385.63,378.73,357.2,354.98,369.13
1093,356.39,378.73,350.83,344.6,357.64
1094,356.39,366.73,350.83,344.6,354.64
1095,362.81,378.73,357.2,344.6,360.83
1096.5,379.11,402.73,363.57,356.71,375.53
1098.1,387.26,390.73,366.75,370.56,378.83
1099.6,393.78,402.73,366.75,365.36,382.16
1100.6,390.52,390.73,366.75,360.17,377.04
1102.2,384,378.73,354.01,360.17,369.23
1103.8,375.85,378.73,354.01,353.25,365.46
1105.6,362.81,378.73,354.01,348.06,360.9
1106.6,361.18,378.73,357.2,351.52,362.16
1107.6,366.07,366.73,360.38,354.98,362.04
1108.6,388.89,402.73,369.94,367.1,382.16
1110.5,408.45,390.73,366.75,368.83,383.69
1113.2,369.33,378.73,350.83,353.25,363.03
1114.2,359.55,378.73,350.83,348.06,359.29
1115.2,367.7,366.73,357.2,351.52,360.79
1116.2,385.63,402.73,363.57,360.17,378.03
1118,385.63,378.73,363.57,365.36,373.32
1119.6,377.48,390.73,363.57,358.44,372.55
1120.6,372.59,378.73,354.01,354.98,365.08
1122,370.96,378.73,350.83,351.52,363.01
1123,370.96,378.73,354.01,353.25,364.24
1124.5,384,390.73,363.57,360.17,374.62
1126,401.93,366.73,366.75,375.75,377.79
1127,397.04,390.73,366.75,368.83,380.84
1128,385.63,390.73,357.2,361.9,373.86
1129,364.44,366.73,354.01,348.06,358.31
1130.7,348.24,378.73,354.01,342.86,355.96
1133.6,401.93,402.73,373.13,379.21,389.25
1134.6,406.82,414.73,369.94,379.21,392.68
1135.6,405.19,402.73,373.13,380.94,390.5
1136.6,388.89,402.73,360.38,365.36,379.34
1138.1,353.13,366.73,347.64,334.21,350.43
1139.5,341.72,366.73,347.64,335.94,348.01
1140.5,356.39,366.73,354.01,353.25,357.6
1142.1,398.67,402.73,376.31,375.75,388.37
1143.1,416.6,414.73,376.31,379.21,396.71
1144.8,390.52,390.73,369.94,370.56,380.44
1146.5,366.07,366.73,354.01,351.52,359.58
1147.5,359.55,366.73,350.83,342.86,354.99
1148.5,354.76,354.73,347.64,337.67,348.7
1149.5,356.39,366.73,350.83,341.13,353.77
1151.1,385.63,378.73,369.94,368.83,375.78
1154.3,411.71,414.73,373.13,377.48,394.26
1155.3,390.52,402.73,363.57,365.36,380.55
1156.3,353.13,354.73,354.01,346.33,352.05
1157.3,348.24,378.73,350.83,341.13,354.73
1158.8,366.07,390.73,357.2,348.06,365.51
1161.9,398.67,390.73,366.75,368.83,381.25
1163.5,377.48,378.73,357.2,363.63,369.26
1164.5,374.22,378.73,357.2,356.71,366.71
1165.5,369.33,378.73,357.2,353.25,364.63
1167.1,377.48,390.73,360.38,354.98,370.89
1168.6,392.15,402.73,363.57,363.63,380.52
1169.6,390.52,414.73,360.38,361.9,381.88
1170.6,377.48,390.73,360.38,358.44,371.76
1171.6,361.18,378.73,357.2,353.25,362.59
1174.3,367.7,390.73,357.2,353.25,367.22
1175.8,393.78,402.73,369.94,365.36,382.95
1176.9,393.78,402.73,363.57,365.36,381.36
1177.9,385.63,366.73,363.57,363.63,369.89
1178.9,382.37,378.73,360.38,358.44,369.98
1180.7,380.74,402.73,357.2,354.98,373.91
1182.3,370.96,390.73,360.38,354.98,369.26
1184,356.39,378.73,354.01,346.33,358.87
1185,356.39,378.73,357.2,348.06,360.09
1186,382.37,378.73,360.38,360.17,370.41
1188,408.45,402.73,369.94,375.75,389.22
1189.6,400.3,378.73,373.13,374.02,381.54
1252.5,376.7,387.73,353.45,353.6,367.87
1253.5,347.46,375.73,356.64,341.48,355.33
1254.5,347.46,387.73,356.64,343.21,358.76
1255.5,363.76,375.73,369.38,355.33,366.05
1256.5,389.74,411.73,369.38,369.17,385.01
1257.5,410.93,423.73,378.94,381.29,398.72
1259.7,412.56,399.73,378.94,388.21,394.86
1260.7,397.89,411.73,372.57,369.17,387.84
1261.7,381.59,375.73,366.2,357.06,370.14
1262.6,371.81,399.73,359.83,348.4,369.94
1265.4,386.48,375.73,366.2,367.44,373.96
1267.1,389.74,387.73,372.57,370.9,380.24
1268.5,391.37,399.73,375.75,372.63,384.87
1269.5,393,411.73,375.75,374.36,388.71
1270.5,404.41,399.73,372.57,370.9,386.9
1271.9,401.15,399.73,369.38,367.44,384.43
1273.5,367.02,399.73,356.64,355.33,369.68
1275.4,368.55,387.73,369.38,357.06,370.68
1276.4,381.59,387.73,372.57,360.52,375.6
1277.4,389.74,399.73,375.75,372.63,384.46
1278.9,397.89,399.73,378.94,379.56,389.03
1280.5,404.41,411.73,372.57,372.63,390.34
1281.5,399.52,411.73,369.38,369.17,387.45
1282.5,389.74,387.73,363.01,360.52,375.25
1283.5,366.92,375.73,363.01,357.06,365.68
1287.9,394.63,399.73,375.75,376.1,386.55
1289.6,406.04,411.73,378.94,377.83,393.63
1290.6,401.15,399.73,375.75,369.17,386.45
1291.6,393,399.73,366.2,365.71,381.16
1292.6,379.96,399.73,359.83,360.52,375.01
1293.9,373.44,387.73,363.01,358.79,370.74
1296.6,383.22,399.73,366.2,363.98,378.28
1297.6,391.37,387.73,375.75,372.63,381.87
1298.6,399.52,399.73,375.75,374.36,387.34
1299.6,402.78,399.73,375.75,374.36,388.16
1301.2,393,411.73,369.38,370.9,386.25
1303.1,386.48,387.73,363.01,363.98,375.3
1304.1,376.7,387.73,363.01,360.52,371.99
1305.4,370.18,387.73,363.01,360.52,370.36
1306.4,376.7,399.73,366.2,367.44,377.52
1307.8,391.37,411.73,375.75,370.9,387.44
1309.5,394.63,411.73,369.38,370.9,386.66
1310.5,393,399.73,366.2,365.71,381.16
1311.6,391.37,387.73,369.38,367.44,378.98
1312.6,394.63,387.73,369.38,367.44,379.8
1313.9,389.74,399.73,366.2,367.44,380.78
1316.6,381.59,411.73,372.57,367.44,383.33
1317.6,384.85,363.73,369.38,365.71,370.92
1318.6,384.85,399.73,363.01,362.25,377.46
1319.6,379.96,375.73,363.01,362.25,370.24
1321.1,388.11,399.73,369.38,369.17,381.6
1323.1,409.3,411.73,375.75,374.36,392.79
1324.1,410.93,399.73,372.57,376.1,389.83
1325.7,391.37,375.73,369.38,369.17,376.41
1326.7,368.55,387.73,366.2,358.79,370.32
1329.2,365.39,399.73,366.2,357.06,372.09
1330.9,404.41,411.73,375.75,377.83,392.43
1331.9,409.3,411.73,378.94,379.56,394.88
1332.9,410.93,399.73,378.94,383.02,393.16
1333.9,406.04,375.73,372.57,381.29,383.91
1336.4,378.33,399.73,359.83,357.06,373.73
1338.1,365.39,375.73,359.83,357.06,364.5
1339.1,363.76,387.73,363.01,357.06,367.89
1340.1,370.18,387.73,369.38,360.52,371.95
1341.1,386.48,411.73,372.57,367.44,384.55
1343,401.15,399.73,378.94,379.56,389.84
1344.6,412.56,411.73,375.75,381.29,395.33
1346,389.74,387.73,359.83,363.98,375.32
1347,379.96,387.73,363.01,360.52,372.8
1348,365.39,387.73,359.83,355.33,367.07
1349.3,358.87,375.73,366.2,351.86,363.17
1350.8,391.37,387.73,369.38,370.9,379.85
1351.8,396.26,411.73,378.94,376.1,390.76
1352.8,406.04,411.73,378.94,384.75,395.37
1353.8,406.04,411.73,378.94,383.02,394.93
1355.4,393,399.73,366.2,362.25,380.29
1358.1,358.87,363.73,359.83,351.86,358.57
1359.1,368.55,387.73,363.01,357.06,369.09
1360.1,386.48,399.73,372.57,369.17,381.99
1361.1,404.41,411.73,378.94,379.56,393.66
1362.8,412.56,411.73,382.13,383.02,397.36
1364.3,404.41,399.73,369.38,372.63,386.54
1365.3,388.11,387.73,359.83,367.44,375.78
1366.8,358.87,363.73,359.83,350.13,358.14
1367.8,350.72,375.73,353.45,344.94,356.21
1369.4,365.39,387.73,366.2,351.86,367.8
1371.1,394.63,411.73,382.13,383.02,392.88
1372.1,401.15,423.73,382.13,383.02,397.51
1373.1,412.56,423.73,382.13,384.75,400.79
1374.1,423.97,423.73,382.13,384.75,403.64
1375.3,409.3,411.73,366.2,374.36,390.4
1378.3,362.13,375.73,359.83,350.13,361.96
1379.3,362.13,375.73,363.01,350.13,362.75
1380.3,371.81,387.73,363.01,355.33,369.47
1381.3,378.33,387.73,372.57,367.44,376.52
1382.8,396.26,411.73,378.94,379.56,391.62
1384.6,406.04,411.73,375.75,377.83,392.84
1385.6,402.78,411.73,369.38,372.63,389.13
1386.9,378.33,399.73,359.83,360.52,374.6
1388.6,371.81,411.73,363.01,353.6,375.04
1390.8,397.89,375.73,375.75,372.63,380.5
1392.3,402.78,423.73,375.75,377.83,395.02
1393.3,394.63,387.73,366.2,365.71,378.57
1394.3,386.48,399.73,363.01,360.52,377.43
1395.3,378.33,399.73,359.83,353.6,372.87
1398,370.18,399.73,369.38,362.25,375.38
1399.5,394.63,411.73,375.75,370.9,388.25
1400.5,399.52,399.73,375.75,370.9,386.48
1401.5,396.26,387.73,372.57,374.36,382.73
1402.5,389.74,387.73,369.38,372.63,379.87
1403.8,383.22,399.73,372.57,365.71,380.31
1405.5,394.63,399.73,363.01,365.71,380.77
1406.9,401.15,399.73,366.2,367.44,383.63
1407.9,391.37,387.73,363.01,367.44,377.39
1408.9,379.96,399.73,369.38,367.44,379.13
1410.3,378.33,363.73,369.38,365.71,369.29
1412.1,383.22,387.73,369.38,365.71,376.51
1413.1,388.11,399.73,366.2,365.71,379.94
1414.1,386.48,399.73,366.2,363.98,379.1
1415.1,381.59,399.73,372.57,365.71,379.9
1418.2,388.11,411.73,369.38,365.71,383.73
1419.8,393,411.73,372.57,369.17,386.62
1420.8,401.15,399.73,369.38,377.83,387.02
1421.8,402.78,411.73,372.57,374.36,390.36
1422.8,397.89,387.73,363.01,369.17,379.45
1424.4,378.33,387.73,366.2,363.98,374.06
1426,378.33,375.73,363.01,360.52,369.4
1428,376.7,399.73,359.83,360.52,374.19
1429,376.7,387.73,366.2,367.44,374.52
1430,383.22,387.73,369.38,372.63,378.24
1431.4,407.67,411.73,382.13,376.1,394.41
1433,410.93,411.73,369.38,370.9,390.74
1434,389.74,399.73,366.2,363.98,379.91
1435,373.44,375.73,359.83,365.71,368.68
1436,375.07,375.73,363.01,362.25,369.01
1439,388.11,399.73,372.57,367.44,381.96
1440.6,393,387.73,372.57,372.63,381.48
1441.6,393,399.73,369.38,370.9,383.25
1442.6,391.37,411.73,369.38,370.9,385.85
1443.6,384.85,387.73,369.38,367.44,377.35
1445.4,388.11,387.73,366.2,367.44,377.37
1447,383.22,387.73,363.01,360.52,373.62
1449.6,373.44,387.73,375.75,370.9,376.96
1450.6,386.48,399.73,375.75,370.9,383.22
1451.6,397.89,387.73,375.75,370.9,383.07
1453.2,399.52,399.73,369.38,369.17,384.45
1454.9,397.89,399.73,369.38,370.9,384.48
1455.9,388.11,387.73,363.01,365.71,376.14
1456.9,381.59,399.73,359.83,362.25,375.85
1458.4,363.76,387.73,369.38,353.6,368.62
1460.4,373.44,387.73,369.38,363.98,373.63
1462,396.26,411.73,369.38,369.17,386.64
1463,397.89,399.73,375.75,372.63,386.5
1464,394.63,399.73,372.57,372.63,384.89
1465,396.26,387.73,372.57,369.17,381.43
1466.4,391.37,375.73,369.38,365.71,375.55
1469.2,386.48,387.73,366.2,365.71,376.53
1470.2,383.22,375.73,372.57,363.98,373.87
1471.2,381.59,399.73,366.2,360.52,377.01
1472.2,379.96,387.73,369.38,360.52,374.4
1473.6,373.44,399.73,366.2,360.52,374.97
1475.5,388.11,399.73,375.75,370.9,383.62
1476.5,404.41,411.73,375.75,374.36,391.56
1478,402.78,411.73,372.57,374.36,390.36
1479,386.48,387.73,366.2,365.71,376.53
1480.4,371.81,375.73,363.01,360.52,367.77
1482,378.33,399.73,366.2,362.25,376.63
1483,386.48,399.73,375.75,362.25,381.05
1484,389.74,399.73,375.75,365.71,382.73
1485,394.63,411.73,375.75,372.63,388.69
1486.4,396.26,387.73,369.38,372.63,381.5
1489.2,383.22,399.73,363.01,362.25,377.05
1490.2,378.33,399.73,366.2,360.52,376.19
1491.2,375.07,399.73,369.38,360.52,376.17
1492.2,368.55,399.73,363.01,357.06,372.09
1493.7,373.44,387.73,369.38,360.52,372.77
1495.6,406.04,411.73,385.31,379.56,395.66
1496.6,422.34,435.73,382.13,388.21,407.1
1498.3,415.82,423.73,375.75,383.02,399.58
1499.3,386.48,387.73,366.2,367.44,376.96
1500.7,355.61,387.73,353.45,344.94,360.43
1502.4,365.39,399.73,363.01,351.86,370
1503.4,391.37,399.73,378.94,372.63,385.67
1504.4,399.52,387.73,378.94,381.29,386.87
1505.4,407.67,399.73,382.13,384.75,393.57
1506.9,397.89,411.73,372.57,376.1,389.57
1510.6,373.44,387.73,366.2,355.33,370.67
1511.6,384.85,399.73,369.38,363.98,379.49
1512.6,396.26,399.73,375.75,376.1,386.96
1513.6,401.15,387.73,375.75,379.56,386.05
1515.4,394.63,411.73,372.57,372.63,387.89
1517.2,376.7,411.73,369.38,362.25,380.01
1518.7,371.81,375.73,359.83,358.79,366.54
1519.7,378.33,387.73,359.83,358.79,371.17
1520.7,389.74,387.73,369.38,367.44,378.57
1522.3,394.63,399.73,372.57,372.63,384.89
1524.1,379.96,399.73,372.57,367.44,379.92
1525.1,373.44,375.73,372.57,365.71,371.86
1526.1,384.85,399.73,366.2,365.71,379.12
1527.1,393,399.73,375.75,365.71,383.55
1529.4,406.04,399.73,372.57,376.1,388.61
1531.1,358.87,375.73,356.64,348.4,359.91
1532.1,353.98,387.73,356.64,346.67,361.26
1533.1,357.24,375.73,366.2,351.86,362.76
1534.1,379.96,399.73,375.75,365.71,380.29
1535.4,407.67,411.73,378.94,379.56,394.47
1537.1,402.78,387.73,372.57,376.1,384.79
1538.4,370.18,375.73,359.83,360.52,366.56
1539.4,365.39,375.73,359.83,358.79,364.93
1540.4,362.13,399.73,366.2,353.6,370.41
1541.8,384.85,399.73,375.75,363.98,381.08
1543.5,417.45,411.73,382.13,386.48,399.45
1544.5,415.82,399.73,375.75,386.48,394.45
1545.5,394.63,387.73,369.38,374.36,381.53
1546.5,376.7,399.73,359.83,357.06,373.33
1548,365.39,387.73,363.01,350.13,366.57
1550.7,391.37,387.73,372.57,369.17,380.21
1551.7,396.26,399.73,375.75,377.83,387.39
1552.7,399.52,399.73,375.75,379.56,388.64
1553.7,384.85,399.73,372.57,363.98,380.28
1555.4,365.39,387.73,366.2,355.33,368.66
1557.1,378.33,387.73,366.2,360.52,373.19
1558.1,394.63,399.73,369.38,370.9,383.66
1559.4,407.67,411.73,369.38,381.29,392.52
1560.4,407.67,399.73,378.94,383.02,392.34
1561.9,391.37,411.73,369.38,367.44,384.98
1563.5,357.24,375.73,353.45,343.21,357.41
1564.5,352.35,363.73,353.45,344.94,353.62
1565.5,350.72,375.73,353.45,350.13,357.51
1566.5,370.18,399.73,369.38,360.52,374.95
1568.9,425.6,423.73,385.31,393.4,407.01
1571.6,381.59,399.73,359.83,360.52,375.42
1572.6,363.76,387.73,359.83,346.67,364.5
1573.6,360.5,387.73,359.83,346.67,363.68
1574.6,365.39,387.73,359.83,348.4,365.34
1575.9,396.26,399.73,372.57,376.1,386.16
1578.1,412.56,399.73,378.94,381.29,393.13
1579.1,404.41,399.73,375.75,376.1,389
1580.9,362.13,387.73,359.83,353.6,365.82
1581.9,365.39,375.73,359.83,353.6,363.64
1583.4,388.11,387.73,372.57,365.71,378.53
1585.6,399.52,411.73,375.75,374.36,390.34
1586.6,394.63,399.73,369.38,374.36,384.53
1587.6,386.48,375.73,369.38,369.17,375.19
1588.6,376.7,387.73,359.83,358.79,370.76
1590.4,376.7,399.73,359.83,355.33,372.89
1593.2,399.52,399.73,375.75,370.9,386.48
1594.2,407.67,399.73,378.94,379.56,391.47
1595.2,407.67,411.73,375.75,377.83,393.25
1596.2,384.85,387.73,363.01,362.25,374.46
1597.8,360.5,399.73,359.83,350.13,367.55
1599.6,370.18,387.73,363.01,353.6,368.63
1600.6,388.11,387.73,369.38,365.71,377.73
1601.9,401.15,399.73,372.57,374.36,386.95
1602.9,401.15,411.73,372.57,372.63,389.52
1604.3,384.85,387.73,369.38,367.44,377.35
1606.1,371.81,387.73,369.38,360.52,372.36
1607.1,371.81,387.73,366.2,360.52,371.56
1608.1,381.59,399.73,363.01,360.52,376.21
1609.1,388.11,399.73,369.38,363.98,380.3
1610.3,399.52,399.73,372.57,376.1,386.98
1613.4,371.81,399.73,366.2,353.6,372.83
1614.4,371.81,387.73,359.83,353.6,368.24
1615.4,373.44,375.73,366.2,355.33,367.67
1616.4,379.96,399.73,372.57,363.98,379.06
1617.9,397.89,387.73,372.57,372.63,382.71
1619.6,397.89,399.73,366.2,372.63,384.11
1620.6,394.63,399.73,366.2,369.17,382.43
1621.9,384.85,375.73,366.2,365.71,373.12
1622.9,376.7,399.73,363.01,362.25,375.42
1624.4,370.18,375.73,363.01,353.6,365.63
1626.1,384.85,399.73,369.38,365.71,379.92
1628,412.56,411.73,378.94,381.29,396.13
1629,415.82,411.73,378.94,381.29,396.94
1630,399.52,399.73,366.2,372.63,384.52
1631.4,360.5,363.73,353.45,355.33,358.25
1634.3,371.81,387.73,363.01,357.06,369.9
1635.3,393,399.73,369.38,367.44,382.39
1636.3,406.04,411.73,378.94,384.75,395.37
1637.3,402.78,399.73,375.75,384.75,390.75
1639,389.74,387.73,363.01,363.98,376.11
1640.6,365.29,375.73,353.45,351.86,361.58
1641.6,363.76,375.73,359.83,355.33,363.66
1643.3,378.33,399.73,369.38,369.17,379.15
1644.3,399.52,399.73,378.94,376.1,388.57
1645.7,401.15,423.73,369.38,369.17,390.86
1647.4,371.81,387.73,359.83,362.25,370.4
1648.4,379.96,399.73,366.2,362.25,377.03
1649.4,381.59,375.73,366.2,365.71,372.31
1650.4,391.37,399.73,372.57,370.9,383.64
1652,384.85,399.73,366.2,365.71,379.12
1654.6,386.48,399.73,369.38,365.71,380.33
1655.6,389.74,399.73,369.38,363.98,380.71
1656.6,391.37,399.73,369.38,367.44,381.98
1657.6,384.85,399.73,363.01,367.44,378.76
1659.1,386.48,399.73,366.2,365.71,379.53
1660.9,379.96,387.73,369.38,365.71,375.7
1661.9,376.7,399.73,369.38,363.98,377.45
1663.4,375.07,399.73,372.57,363.98,377.84
1664.4,379.96,399.73,372.57,365.71,379.49
1665.9,393,399.73,366.2,363.98,380.73
1668,393,411.73,366.2,369.17,385.02
1669,389.74,387.73,369.38,369.17,379.01
1670,388.11,399.73,369.38,370.9,382.03
1671,384.85,387.73,369.38,360.52,375.62
1672.9,370.18,387.73,363.01,358.79,369.93
1675.7,379.96,399.73,372.57,367.44,379.92
1676.7,396.26,411.73,375.75,369.17,388.23
1677.7,406.04,399.73,372.57,369.17,386.88
1678.7,397.89,399.73,369.38,372.63,384.91
1680.4,381.59,375.73,363.01,360.52,370.21
1682,358.87,363.73,359.83,353.6,359.01
1683,358.87,375.73,369.38,353.6,364.4
1684.6,384.85,387.73,369.38,363.98,376.49
1685.6,401.15,399.73,375.75,372.63,387.32
1688,402.78,411.73,372.57,377.83,391.23
1689.6,384.85,387.73,363.01,358.79,373.59
1690.6,362.13,387.73,350.27,344.94,361.27
1691.6,363.76,375.73,356.64,350.13,361.57
1692.6,371.81,399.73,366.2,357.06,373.7
1695,397.89,411.73,375.75,372.63,389.5
1696.5,383.22,387.73,372.57,367.44,377.74
1697.5,379.96,387.73,369.38,363.98,375.26
1698.5,391.37,411.73,366.2,363.98,383.32
1699.5,394.63,411.73,366.2,367.44,385
1700.9,386.48,399.73,366.2,367.44,379.96
1703.1,379.96,387.73,359.83,360.52,372.01
1704.5,381.59,399.73,366.2,358.79,376.58
1705.5,379.96,399.73,369.38,363.98,378.26
1706.5,384.85,387.73,369.38,367.44,377.35
1707.9,399.52,399.73,372.57,370.9,385.68
1709.6,393,387.73,366.2,363.98,377.73
1710.6,375.07,375.73,359.83,358.79,367.35
1711.6,357.24,387.73,366.2,353.6,366.19
1712.6,362.13,387.73,359.83,355.33,366.25
1714.9,406.04,399.73,378.94,379.56,391.07
1716.6,407.67,399.73,375.75,381.29,391.11
1717.6,396.26,399.73,372.57,370.9,384.87
1718.6,378.33,387.73,359.83,357.06,370.73
1719.6,373.44,387.73,359.83,353.6,368.65
1720.8,373.44,387.73,366.2,357.06,371.11
1723.1,389.74,411.73,366.2,362.25,382.48
1724.5,388.11,399.73,372.57,369.17,382.39
1725.5,381.59,387.73,372.57,369.17,377.76
1726.5,383.22,411.73,369.38,365.71,382.51
1727.8,402.78,399.73,369.38,365.71,384.4
1729.6,396.26,399.73,369.38,370.9,384.07
1730.6,388.11,387.73,369.38,369.17,378.6
1731.6,379.96,387.73,359.83,357.06,371.14
1732.6,373.44,399.73,359.83,355.33,372.08
1734.9,378.33,411.73,372.57,363.98,381.65
1736.5,393,387.73,369.38,369.17,379.82
1737.5,396.26,387.73,366.2,367.44,379.41
1738.5,386.48,411.73,369.38,365.71,383.33
1739.5,384.85,387.73,366.2,365.71,376.12
1740.8,391.37,399.73,369.38,365.71,381.55
